{"variants":{"facing=east,power=0,sculk_sensor_phase=inactive":{"model":"custom/blocks/slabs/dirt_slab"},
"facing=south,power=0,sculk_sensor_phase=inactive":{"model":"custom/blocks/slabs/coarse_dirt_slab"},
"facing=west,power=0,sculk_sensor_phase=inactive":{"model":"custom/blocks/slabs/rooted_dirt_slab"},
"facing=north,power=0,sculk_sensor_phase=inactive":{"model":"custom/blocks/slabs/moss_slab"},
"facing=east,power=1,sculk_sensor_phase=inactive":{"model":"custom/blocks/slabs/mud_slab"},
"facing=south,power=1,sculk_sensor_phase=inactive":{"model":"custom/blocks/green_wood/green_slab"},
"facing=west,power=1,sculk_sensor_phase=inactive":{"model":"custom/blocks/gray_wood/gray_slab"},
"facing=north,power=1,sculk_sensor_phase=inactive":{"model":"custom/blocks/plants/orange_mushroom_slab"},
"facing=east,power=2,sculk_sensor_phase=inactive":{"model":"custom/blocks/plants/sandshroom_slab"},
"facing=south,power=2,sculk_sensor_phase=inactive":{"model":"custom/blocks/slabs/tuff_slab"},
"facing=west,power=2,sculk_sensor_phase=inactive":{"model":"custom/blocks/slabs/sand_slab"}}}