{
	"credit": "Made with Blockbench",
	"ambientocclusion": false,
	"textures": {
		"0": "custom/decorations/amethysts/large",
		"particle": "custom/decorations/amethysts/large"
	},
	"elements": [
		{
			"from": [0.8, 0, 8],
			"to": [15.2, 30, 8],
			"shade": false,
			"rotation": {"angle": 45, "axis": "y", "origin": [8, 8, 8], "rescale": true},
			"faces": {
				"north": {"uv": [0, 0, 8, 12.5], "texture": "#0"},
				"south": {"uv": [0, 0, 8, 12.5], "texture": "#0"}
			}
		},
		{
			"from": [8, 0, 0.8],
			"to": [8, 30, 15.2],
			"shade": false,
			"rotation": {"angle": 45, "axis": "y", "origin": [8, 8, 8], "rescale": true},
			"faces": {
				"east": {"uv": [0, 0, 8, 12.5], "texture": "#0"},
				"west": {"uv": [0, 0, 8, 12.5], "texture": "#0"}
			}
		}
	]
}