{
	"credit": "Made with Blockbench",
	"texture_size": [64, 64],
	"textures": {
		"1": "custom/decorations/pot_bunch",
		"particle": "custom/decorations/pot_bunch"
	},
	"elements": [
		{
			"from": [7, 0, 4],
			"to": [15, 10, 12],
			"faces": {
				"north": {"uv": [0, 0, 2, 2.5], "texture": "#1"},
				"east": {"uv": [2, 0, 4, 2.5], "texture": "#1"},
				"south": {"uv": [0, 2.5, 2, 5], "texture": "#1"},
				"west": {"uv": [2, 2.5, 4, 5], "texture": "#1"},
				"up": {"uv": [6, 2, 4, 0], "texture": "#1"},
				"down": {"uv": [6, 2, 4, 4], "texture": "#1"}
			}
		},
		{
			"from": [9, 10, 6],
			"to": [13, 11, 10],
			"faces": {
				"north": {"uv": [6, 3, 7, 3.25], "texture": "#1"},
				"east": {"uv": [6, 3.25, 7, 3.5], "texture": "#1"},
				"south": {"uv": [6, 3.5, 7, 3.75], "texture": "#1"},
				"west": {"uv": [6, 3.75, 7, 4], "texture": "#1"}
			}
		},
		{
			"from": [8.5, 11, 5.5],
			"to": [13.5, 12, 10.5],
			"faces": {
				"north": {"uv": [6, 7.25, 7.25, 7.5], "texture": "#1"},
				"east": {"uv": [7.25, 7.25, 8.5, 7.5], "texture": "#1"},
				"south": {"uv": [6, 1.5, 7.25, 1.75], "texture": "#1"},
				"west": {"uv": [6, 1.75, 7.25, 2], "texture": "#1"},
				"up": {"uv": [4.25, 7.25, 3, 6], "texture": "#1"},
				"down": {"uv": [5.5, 6, 4.25, 7.25], "texture": "#1"}
			}
		},
		{
			"from": [1.5, 0, 2],
			"to": [5.5, 5, 6],
			"rotation": {"angle": -22.5, "axis": "y", "origin": [3.5, 0, 4]},
			"faces": {
				"north": {"uv": [5.5, 6, 6.5, 7.25], "texture": "#1"},
				"east": {"uv": [6.5, 6, 7.5, 7.25], "texture": "#1"},
				"south": {"uv": [0, 7, 1, 8.25], "texture": "#1"},
				"west": {"uv": [1, 7, 2, 8.25], "texture": "#1"},
				"up": {"uv": [3, 8, 2, 7], "texture": "#1"},
				"down": {"uv": [8, 3, 7, 4], "texture": "#1"}
			}
		},
		{
			"from": [2.5, 5, 3],
			"to": [4.5, 5.5, 5],
			"rotation": {"angle": -22.5, "axis": "y", "origin": [3.5, 0, 4]},
			"faces": {
				"north": {"uv": [7.75, 7.5, 8.25, 7.75], "texture": "#1"},
				"east": {"uv": [8, 1.5, 8.5, 1.75], "texture": "#1"},
				"south": {"uv": [8, 1.75, 8.5, 2], "texture": "#1"},
				"west": {"uv": [2, 8, 2.5, 8.25], "texture": "#1"}
			}
		},
		{
			"from": [2, 5.5, 2.5],
			"to": [5, 6, 5.5],
			"rotation": {"angle": -22.5, "axis": "y", "origin": [3.5, 0, 4]},
			"faces": {
				"north": {"uv": [7.5, 6.25, 8.25, 6.5], "texture": "#1"},
				"east": {"uv": [7.5, 6.5, 8.25, 6.75], "texture": "#1"},
				"south": {"uv": [7.5, 6.75, 8.25, 7], "texture": "#1"},
				"west": {"uv": [7, 7.5, 7.75, 7.75], "texture": "#1"},
				"up": {"uv": [3.75, 8, 3, 7.25], "texture": "#1"},
				"down": {"uv": [4.5, 7.25, 3.75, 8], "texture": "#1"}
			}
		},
		{
			"from": [0.5, 0, 8],
			"to": [6.5, 8, 14],
			"faces": {
				"north": {"uv": [4, 4, 5.5, 6], "texture": "#1"},
				"east": {"uv": [0, 5, 1.5, 7], "texture": "#1"},
				"south": {"uv": [1.5, 5, 3, 7], "texture": "#1"},
				"west": {"uv": [5.5, 4, 7, 6], "texture": "#1"},
				"up": {"uv": [7.5, 1.5, 6, 0], "texture": "#1"},
				"down": {"uv": [7.5, 1.5, 6, 3], "texture": "#1"}
			}
		},
		{
			"from": [2, 8, 9.5],
			"to": [5, 9, 12.5],
			"faces": {
				"north": {"uv": [7.5, 7, 8.25, 7.25], "texture": "#1"},
				"east": {"uv": [6, 7.75, 6.75, 8], "texture": "#1"},
				"south": {"uv": [6.75, 7.75, 7.5, 8], "texture": "#1"},
				"west": {"uv": [7.5, 7.75, 8.25, 8], "texture": "#1"}
			}
		},
		{
			"from": [1.5, 9, 9],
			"to": [5.5, 10, 13],
			"faces": {
				"north": {"uv": [6, 2, 7, 2.25], "texture": "#1"},
				"east": {"uv": [6, 2.25, 7, 2.5], "texture": "#1"},
				"south": {"uv": [6, 7.5, 7, 7.75], "texture": "#1"},
				"west": {"uv": [6, 2.5, 7, 2.75], "texture": "#1"},
				"up": {"uv": [8, 5, 7, 4], "texture": "#1"},
				"down": {"uv": [8, 5, 7, 6], "texture": "#1"}
			}
		}
	],
	"display": {},
	"groups": [
		{
			"name": "pot",
			"origin": [8, 8, 8],
			"color": 0,
			"children": [0, 1, 2]
		},
		{
			"name": "small pot",
			"origin": [8, 8, 8],
			"color": 0,
			"children": [3, 4, 5]
		},
		{
			"name": "medium pot",
			"origin": [8, 8, 8],
			"color": 0,
			"children": [6, 7, 8]
		}
	]
}