{
	"credit": "Made with Blockbench",
	"texture_size": [32, 32],
	"textures": {
		"0": "custom/decorations/plants/explodrape",
		"particle": "custom/decorations/plants/explodrape"
	},
	"elements": [
		{
			"from": [4, -2, 4],
			"to": [12, 6, 12],
			"rotation": {"angle": 0, "axis": "y", "origin": [4, 0, 4]},
			"faces": {
				"north": {"uv": [0, 0, 4, 4], "texture": "#0"},
				"east": {"uv": [0, 4, 4, 8], "texture": "#0"},
				"south": {"uv": [4, 0, 8, 4], "texture": "#0"},
				"west": {"uv": [4, 4, 8, 8], "texture": "#0"},
				"up": {"uv": [4, 12, 0, 8], "texture": "#0"},
				"down": {"uv": [12, 0, 8, 4], "texture": "#0"}
			}
		},
		{
			"from": [5, 6, 8],
			"to": [11, 10, 8],
			"rotation": {"angle": 45, "axis": "y", "origin": [8, 14, 8], "rescale": true},
			"faces": {
				"north": {"uv": [12, 6, 15, 8], "texture": "#0"},
				"east": {"uv": [0, 0, 0, 2], "texture": "#0"},
				"south": {"uv": [12, 6, 15, 8], "texture": "#0"},
				"west": {"uv": [0, 0, 0, 2], "texture": "#0"},
				"up": {"uv": [3, 0, 0, 0], "texture": "#0"},
				"down": {"uv": [3, 0, 0, 0], "texture": "#0"}
			}
		},
		{
			"from": [8, 6, 5],
			"to": [8, 10, 11],
			"rotation": {"angle": 45, "axis": "y", "origin": [8, 14, 8], "rescale": true},
			"faces": {
				"north": {"uv": [0, 0, 0, 2], "texture": "#0"},
				"east": {"uv": [12, 6, 15, 8], "texture": "#0"},
				"south": {"uv": [0, 0, 0, 2], "texture": "#0"},
				"west": {"uv": [12, 6, 15, 8], "texture": "#0"},
				"up": {"uv": [3, 0, 0, 0], "rotation": 270, "texture": "#0"},
				"down": {"uv": [3, 0, 0, 0], "rotation": 90, "texture": "#0"}
			}
		},
		{
			"from": [3.8, -2.2, 3.8],
			"to": [12.2, 6.2, 12.2],
			"rotation": {"angle": 0, "axis": "y", "origin": [-0.4, -0.4, -0.4]},
			"faces": {
				"north": {"uv": [4, 8, 8, 12], "texture": "#0"},
				"east": {"uv": [8, 4, 12, 8], "texture": "#0"},
				"south": {"uv": [8, 8, 12, 12], "texture": "#0"},
				"west": {"uv": [0, 12, 4, 16], "texture": "#0"},
				"up": {"uv": [16, 4, 12, 0], "texture": "#0"},
				"down": {"uv": [8, 12, 4, 16], "texture": "#0"}
			}
		}
	]
}