{
	"credit": "Made with Blockbench",
	"texture_size": [32, 32],
	"textures": {
		"0": "custom/decorations/plants/vigorangium",
		"particle": "custom/decorations/plants/vigorangium"
	},
	"elements": [
		{
			"from": [2, 9, -4],
			"to": [14, 9, 6],
			"rotation": {"angle": -22.5, "axis": "x", "origin": [8, 9, 6]},
			"faces": {
				"up": {"uv": [0, 0, 6, 5], "texture": "#0"},
				"down": {"uv": [6, 5, 0, 0], "texture": "#0"}
			}
		},
		{
			"from": [2, 9, 2],
			"to": [14, 9, 12],
			"rotation": {"angle": 22.5, "axis": "x", "origin": [8, 9, 2]},
			"faces": {
				"up": {"uv": [0, 5, 6, 0], "texture": "#0"},
				"down": {"uv": [6, 0, 0, 5], "texture": "#0"}
			}
		},
		{
			"from": [6, 9, -2],
			"to": [16, 9, 10],
			"rotation": {"angle": -22.5, "axis": "z", "origin": [6, 9, 4]},
			"faces": {
				"up": {"uv": [0, 5, 6, 0], "rotation": 270, "texture": "#0"},
				"down": {"uv": [6, 0, 0, 5], "rotation": 90, "texture": "#0"}
			}
		},
		{
			"from": [0, 9, -2],
			"to": [10, 9, 10],
			"rotation": {"angle": 22.5, "axis": "z", "origin": [10, 9, 4]},
			"faces": {
				"up": {"uv": [0, 0, 6, 5], "rotation": 270, "texture": "#0"},
				"down": {"uv": [6, 5, 0, 0], "rotation": 90, "texture": "#0"}
			}
		},
		{
			"from": [6, 2, 4],
			"to": [10, 8, 4],
			"rotation": {"angle": -45, "axis": "y", "origin": [8, 8, 4]},
			"faces": {
				"north": {"uv": [6, 9, 8, 12], "rotation": 180, "texture": "#0"},
				"south": {"uv": [6, 9, 8, 12], "rotation": 180, "texture": "#0"}
			}
		},
		{
			"from": [8, 2, 2],
			"to": [8, 8, 6],
			"rotation": {"angle": -45, "axis": "y", "origin": [8, 8, 4]},
			"faces": {
				"east": {"uv": [6, 9, 8, 12], "rotation": 180, "texture": "#0"},
				"west": {"uv": [6, 9, 8, 12], "rotation": 180, "texture": "#0"}
			}
		},
		{
			"from": [6, -8, 2],
			"to": [10, 2, 6],
			"rotation": {"angle": 0, "axis": "y", "origin": [0, 8, 12]},
			"faces": {
				"north": {"uv": [4, 5, 6, 10], "rotation": 180, "texture": "#0"},
				"east": {"uv": [2, 5, 4, 10], "rotation": 180, "texture": "#0"},
				"south": {"uv": [0, 5, 2, 10], "rotation": 180, "texture": "#0"},
				"west": {"uv": [6, 0, 8, 5], "rotation": 180, "texture": "#0"},
				"up": {"uv": [12, 0, 10, 2], "texture": "#0"},
				"down": {"uv": [2, 12, 0, 10], "texture": "#0"}
			}
		},
		{
			"from": [6, -7, 2],
			"to": [10, 1, 6],
			"rotation": {"angle": 22.5, "axis": "y", "origin": [8, -3, 4]},
			"faces": {
				"north": {"uv": [8, 4, 10, 8], "rotation": 180, "texture": "#0"},
				"east": {"uv": [8, 0, 10, 4], "rotation": 180, "texture": "#0"},
				"south": {"uv": [6, 5, 8, 9], "rotation": 180, "texture": "#0"},
				"west": {"uv": [8, 8, 10, 12], "rotation": 180, "texture": "#0"},
				"up": {"uv": [12, 2, 10, 4], "texture": "#0"},
				"down": {"uv": [4, 12, 2, 10], "texture": "#0"}
			}
		},
		{
			"from": [6, -7, 2],
			"to": [10, 1, 6],
			"rotation": {"angle": -22.5, "axis": "y", "origin": [8, -3, 4]},
			"faces": {
				"north": {"uv": [6, 5, 8, 9], "rotation": 180, "texture": "#0"},
				"east": {"uv": [8, 8, 10, 12], "rotation": 180, "texture": "#0"},
				"south": {"uv": [8, 4, 10, 8], "rotation": 180, "texture": "#0"},
				"west": {"uv": [8, 0, 10, 4], "rotation": 180, "texture": "#0"},
				"up": {"uv": [12, 2, 10, 4], "rotation": 180, "texture": "#0"},
				"down": {"uv": [4, 12, 2, 10], "rotation": 180, "texture": "#0"}
			}
		}
	]
}