{
	"credit": "Made with Blockbench",
	"textures": {
		"default": "custom/buildings/blue"
	},
	"elements": [
		{
			"name": "floor",
			"from": [8, 8.001, 8],
			"to": [21, 8.001, 17],
			"rotation": {"angle": 0, "axis": "y", "origin": [1.5, 0, 3.75]},
			"faces": {
				"up": {"uv": [0.25, 0.25, 0.75, 0.75], "texture": "#default"},
				"down": {"uv": [1.25, 0.25, 1.75, 0.75], "texture": "#default"}
			}
		},
		{
			"name": "fence",
			"from": [12.375, 8, 9.375],
			"to": [12.625, 11, 9.625],
			"rotation": {"angle": 0, "axis": "y", "origin": [1.5, 0, 3.75]},
			"faces": {
				"north": {"uv": [0, 0, 0.25, 3], "texture": "#default"},
				"east": {"uv": [7.25, 0.25, 7.75, 0.75], "texture": "#default"},
				"south": {"uv": [8.25, 0.25, 8.75, 0.75], "texture": "#default"},
				"west": {"uv": [9.25, 0.25, 9.75, 0.75], "texture": "#default"}
			}
		},
		{
			"name": "fence",
			"from": [9.375, 8, 9.375],
			"to": [9.625, 11, 9.625],
			"rotation": {"angle": 0, "axis": "y", "origin": [1.5, 0, 3.75]},
			"faces": {
				"north": {"uv": [0, 0, 0.25, 3], "texture": "#default"},
				"east": {"uv": [3.25, 0.25, 3.75, 0.75], "texture": "#default"},
				"south": {"uv": [4.25, 0.25, 4.75, 0.75], "texture": "#default"},
				"west": {"uv": [5.25, 0.25, 5.75, 0.75], "texture": "#default"}
			}
		},
		{
			"name": "trapdoors",
			"from": [9, 11, 9],
			"to": [13, 11.1875, 10],
			"rotation": {"angle": 0, "axis": "y", "origin": [1.5, 0, 3.75]},
			"faces": {
				"north": {"uv": [0, 0, 4, 0.1875], "texture": "#default"},
				"east": {"uv": [11.25, 0.25, 11.75, 0.75], "texture": "#default"},
				"west": {"uv": [12.25, 0.25, 12.75, 0.75], "texture": "#default"},
				"up": {"uv": [13.25, 0.25, 13.75, 0.75], "texture": "#default"},
				"down": {"uv": [14.25, 0.25, 14.75, 0.75], "texture": "#default"}
			}
		},
		{
			"name": "trapdoors",
			"from": [10, 11, 10],
			"to": [12, 11.1875, 11],
			"rotation": {"angle": 0, "axis": "y", "origin": [1.5, 0, 3.75]},
			"faces": {
				"up": {"uv": [13.25, 0.25, 13.75, 0.75], "texture": "#default"},
				"down": {"uv": [14.25, 0.25, 14.75, 0.75], "texture": "#default"}
			}
		},
		{
			"name": "trapdoors",
			"from": [13, 12, 8],
			"to": [16, 12.1875, 9],
			"rotation": {"angle": 0, "axis": "y", "origin": [1.5, 0, 3.75]},
			"faces": {
				"north": {"uv": [0, 0, 3, 0.1875], "texture": "#default"},
				"east": {"uv": [15.25, 3.25, 15.75, 3.75], "texture": "#default"},
				"west": {"uv": [0.25, 4.25, 0.75, 4.75], "texture": "#default"},
				"up": {"uv": [1.25, 4.25, 1.75, 4.75], "texture": "#default"},
				"down": {"uv": [2.25, 4.25, 2.75, 4.75], "texture": "#default"}
			}
		},
		{
			"name": "trapdoors",
			"from": [14, 12, 9],
			"to": [15, 12.1875, 10],
			"rotation": {"angle": 0, "axis": "y", "origin": [1.5, 0, 3.75]},
			"faces": {
				"up": {"uv": [1.25, 4.25, 1.75, 4.75], "texture": "#default"},
				"down": {"uv": [2.25, 4.25, 2.75, 4.75], "texture": "#default"}
			}
		},
		{
			"name": "slabs",
			"from": [9, 11, 11],
			"to": [13, 11.5, 12],
			"rotation": {"angle": 0, "axis": "y", "origin": [1.5, 0, 3.75]},
			"faces": {
				"north": {"uv": [0, 0, 4, 0.5], "texture": "#default"},
				"east": {"uv": [0.25, 1.25, 0.75, 1.75], "texture": "#default"},
				"west": {"uv": [1.25, 1.25, 1.75, 1.75], "texture": "#default"},
				"up": {"uv": [2.25, 1.25, 2.75, 1.75], "texture": "#default"},
				"down": {"uv": [3.25, 1.25, 3.75, 1.75], "texture": "#default"}
			}
		},
		{
			"name": "slabs",
			"from": [13, 12, 10],
			"to": [16, 12.5, 12],
			"rotation": {"angle": 0, "axis": "y", "origin": [1.5, 0, 3.75]},
			"faces": {
				"north": {"uv": [0, 0, 3, 0.5], "texture": "#default"},
				"east": {"uv": [12.25, 4.25, 12.75, 4.75], "texture": "#default"},
				"west": {"uv": [13.25, 4.25, 13.75, 4.75], "texture": "#default"},
				"up": {"uv": [14.25, 4.25, 14.75, 4.75], "texture": "#default"},
				"down": {"uv": [15.25, 4.25, 15.75, 4.75], "texture": "#default"}
			}
		},
		{
			"name": "slabs",
			"from": [9, 11, 10],
			"to": [10, 11.5, 11],
			"rotation": {"angle": 0, "axis": "y", "origin": [1.5, 0, 3.75]},
			"faces": {
				"north": {"uv": [0, 0, 1, 0.5], "texture": "#default"},
				"east": {"uv": [5.25, 1.25, 5.75, 1.75], "texture": "#default"},
				"west": {"uv": [6.25, 1.25, 6.75, 1.75], "texture": "#default"},
				"up": {"uv": [7.25, 1.25, 7.75, 1.75], "texture": "#default"},
				"down": {"uv": [0, 0, 1, 1], "texture": "#default"}
			}
		},
		{
			"name": "slabs",
			"from": [12, 11, 10],
			"to": [13, 11.5, 11],
			"rotation": {"angle": 0, "axis": "y", "origin": [1.5, 0, 3.75]},
			"faces": {
				"north": {"uv": [0, 0, 1, 0.5], "texture": "#default"},
				"east": {"uv": [9.25, 1.25, 9.75, 1.75], "texture": "#default"},
				"west": {"uv": [10.25, 1.25, 10.75, 1.75], "texture": "#default"},
				"up": {"uv": [11.25, 1.25, 11.75, 1.75], "texture": "#default"},
				"down": {"uv": [0, 0, 1, 1], "texture": "#default"}
			}
		},
		{
			"name": "slabs",
			"from": [13, 12, 9],
			"to": [14, 12.5, 10],
			"rotation": {"angle": 0, "axis": "y", "origin": [1.5, 0, 3.75]},
			"faces": {
				"north": {"uv": [0, 0, 1, 0.5], "texture": "#default"},
				"east": {"uv": [4.25, 4.25, 4.75, 4.75], "texture": "#default"},
				"west": {"uv": [5.25, 4.25, 5.75, 4.75], "texture": "#default"},
				"up": {"uv": [6.25, 4.25, 6.75, 4.75], "texture": "#default"},
				"down": {"uv": [0, 0, 1, 1], "texture": "#default"}
			}
		},
		{
			"name": "slabs",
			"from": [15, 12, 9],
			"to": [16, 12.5, 10],
			"rotation": {"angle": 0, "axis": "y", "origin": [1.5, 0, 3.75]},
			"faces": {
				"north": {"uv": [0, 0, 1, 0.5], "texture": "#default"},
				"east": {"uv": [8.25, 4.25, 8.75, 4.75], "texture": "#default"},
				"west": {"uv": [9.25, 4.25, 9.75, 4.75], "texture": "#default"},
				"up": {"uv": [10.25, 4.25, 10.75, 4.75], "texture": "#default"},
				"down": {"uv": [0, 0, 1, 1], "texture": "#default"}
			}
		},
		{
			"name": "slabs",
			"from": [19, 11, 10],
			"to": [20, 11.5, 11],
			"rotation": {"angle": 0, "axis": "y", "origin": [1.5, 0, 3.75]},
			"faces": {
				"north": {"uv": [0, 0, 1, 0.5], "texture": "#default"},
				"east": {"uv": [3.25, 3.25, 3.75, 3.75], "texture": "#default"},
				"west": {"uv": [4.25, 3.25, 4.75, 3.75], "texture": "#default"},
				"up": {"uv": [5.25, 3.25, 5.75, 3.75], "texture": "#default"},
				"down": {"uv": [0, 0, 1, 1], "texture": "#default"}
			}
		},
		{
			"name": "fence",
			"from": [19.375, 8, 9.375],
			"to": [19.625, 11, 9.625],
			"rotation": {"angle": 0, "axis": "y", "origin": [1.5, 0, 3.75]},
			"faces": {
				"north": {"uv": [0, 0, 0.25, 3], "texture": "#default"},
				"east": {"uv": [15.25, 2.25, 15.75, 2.75], "texture": "#default"},
				"south": {"uv": [0.25, 3.25, 0.75, 3.75], "texture": "#default"},
				"west": {"uv": [1.25, 3.25, 1.75, 3.75], "texture": "#default"}
			}
		},
		{
			"name": "fence",
			"from": [16.375, 8, 9.375],
			"to": [16.625, 11, 9.625],
			"rotation": {"angle": 0, "axis": "y", "origin": [1.5, 0, 3.75]},
			"faces": {
				"north": {"uv": [0, 0, 0.25, 3], "texture": "#default"},
				"east": {"uv": [11.25, 2.25, 11.75, 2.75], "texture": "#default"},
				"south": {"uv": [12.25, 2.25, 12.75, 2.75], "texture": "#default"},
				"west": {"uv": [13.25, 2.25, 13.75, 2.75], "texture": "#default"}
			}
		},
		{
			"name": "fence",
			"from": [15.375, 8, 8.375],
			"to": [15.625, 12, 8.625],
			"rotation": {"angle": 0, "axis": "y", "origin": [1.5, 0, 3.75]},
			"faces": {
				"north": {"uv": [0, 0, 0.25, 4], "texture": "#default"},
				"east": {"uv": [11.25, 3.25, 11.75, 3.75], "texture": "#default"},
				"south": {"uv": [12.25, 3.25, 12.75, 3.75], "texture": "#default"},
				"west": {"uv": [13.25, 3.25, 13.75, 3.75], "texture": "#default"}
			}
		},
		{
			"name": "fence",
			"from": [13.375, 8, 8.375],
			"to": [13.625, 12, 8.625],
			"rotation": {"angle": 0, "axis": "y", "origin": [1.5, 0, 3.75]},
			"faces": {
				"north": {"uv": [0, 0, 0.25, 4], "texture": "#default"},
				"east": {"uv": [7.25, 3.25, 7.75, 3.75], "texture": "#default"},
				"south": {"uv": [8.25, 3.25, 8.75, 3.75], "texture": "#default"},
				"west": {"uv": [9.25, 3.25, 9.75, 3.75], "texture": "#default"}
			}
		},
		{
			"name": "trapdoors",
			"from": [16, 11, 9],
			"to": [20, 11.1875, 10],
			"rotation": {"angle": 0, "axis": "y", "origin": [1.5, 0, 3.75]},
			"faces": {
				"north": {"uv": [0, 0, 4, 0.1875], "texture": "#default"},
				"east": {"uv": [6.25, 2.25, 6.75, 2.75], "texture": "#default"},
				"west": {"uv": [7.25, 2.25, 7.75, 2.75], "texture": "#default"},
				"up": {"uv": [8.25, 2.25, 8.75, 2.75], "texture": "#default"},
				"down": {"uv": [9.25, 2.25, 9.75, 2.75], "texture": "#default"}
			}
		},
		{
			"name": "trapdoors",
			"from": [17, 11, 10],
			"to": [19, 11.1875, 11],
			"rotation": {"angle": 0, "axis": "y", "origin": [1.5, 0, 3.75]},
			"faces": {
				"up": {"uv": [8.25, 2.25, 8.75, 2.75], "texture": "#default"},
				"down": {"uv": [9.25, 2.25, 9.75, 2.75], "texture": "#default"}
			}
		},
		{
			"name": "slabs",
			"from": [16, 11, 11],
			"to": [20, 11.5, 12],
			"rotation": {"angle": 0, "axis": "y", "origin": [1.5, 0, 3.75]},
			"faces": {
				"north": {"uv": [0, 0, 4, 0.5], "texture": "#default"},
				"east": {"uv": [1.25, 2.25, 1.75, 2.75], "texture": "#default"},
				"west": {"uv": [2.25, 2.25, 2.75, 2.75], "texture": "#default"},
				"up": {"uv": [3.25, 2.25, 3.75, 2.75], "texture": "#default"},
				"down": {"uv": [4.25, 2.25, 4.75, 2.75], "texture": "#default"}
			}
		},
		{
			"name": "slabs",
			"from": [16, 11, 10],
			"to": [17, 11.5, 11],
			"rotation": {"angle": 0, "axis": "y", "origin": [1.5, 0, 3.75]},
			"faces": {
				"north": {"uv": [0, 0, 1, 0.5], "texture": "#default"},
				"east": {"uv": [13.25, 1.25, 13.75, 1.75], "texture": "#default"},
				"west": {"uv": [14.25, 1.25, 14.75, 1.75], "texture": "#default"},
				"up": {"uv": [15.25, 1.25, 15.75, 1.75], "texture": "#default"},
				"down": {"uv": [0, 0, 1, 1], "texture": "#default"}
			}
		},
		{
			"name": "stairtop",
			"from": [9, 11.5, 11.5],
			"to": [10, 12, 12],
			"rotation": {"angle": 0, "axis": "y", "origin": [1.5, 0, 3.75]},
			"faces": {
				"north": {"uv": [0, 0, 1, 0.5], "texture": "#default"},
				"east": {"uv": [1.25, 5.25, 1.75, 5.75], "texture": "#default"},
				"west": {"uv": [2.25, 5.25, 2.75, 5.75], "texture": "#default"}
			}
		},
		{
			"name": "stairtop",
			"from": [12, 11.5, 11.5],
			"to": [13, 12, 12],
			"rotation": {"angle": 0, "axis": "y", "origin": [1.5, 0, 3.75]},
			"faces": {
				"north": {"uv": [0, 0, 1, 0.5], "texture": "#default"},
				"east": {"uv": [4.25, 5.25, 4.75, 5.75], "texture": "#default"},
				"west": {"uv": [5.25, 5.25, 5.75, 5.75], "texture": "#default"}
			}
		},
		{
			"name": "stairtop",
			"from": [16, 11.5, 11.5],
			"to": [17, 12, 12],
			"rotation": {"angle": 0, "axis": "y", "origin": [1.5, 0, 3.75]},
			"faces": {
				"north": {"uv": [0, 0, 1, 0.5], "texture": "#default"},
				"east": {"uv": [10.25, 5.25, 10.75, 5.75], "texture": "#default"},
				"west": {"uv": [11.25, 5.25, 11.75, 5.75], "texture": "#default"}
			}
		},
		{
			"name": "stairtop",
			"from": [19, 11.5, 11.5],
			"to": [20, 12, 12],
			"rotation": {"angle": 0, "axis": "y", "origin": [1.5, 0, 3.75]},
			"faces": {
				"north": {"uv": [0, 0, 1, 0.5], "texture": "#default"},
				"east": {"uv": [7.25, 5.25, 7.75, 5.75], "texture": "#default"},
				"west": {"uv": [8.25, 5.25, 8.75, 5.75], "texture": "#default"}
			}
		},
		{
			"name": "stairtop",
			"from": [13, 12.5, 10.5],
			"to": [14, 13, 11],
			"rotation": {"angle": 0, "axis": "y", "origin": [1.5, 0, 3.75]},
			"faces": {
				"north": {"uv": [0, 0, 1, 0.5], "texture": "#default"},
				"east": {"uv": [1.25, 6.25, 1.75, 6.75], "texture": "#default"},
				"west": {"uv": [2.25, 6.25, 2.75, 6.75], "texture": "#default"},
				"up": {"uv": [3.25, 6.25, 3.75, 6.75], "texture": "#default"}
			}
		},
		{
			"name": "stairtop",
			"from": [15, 12.5, 10.5],
			"to": [16, 13, 11],
			"rotation": {"angle": 0, "axis": "y", "origin": [1.5, 0, 3.75]},
			"faces": {
				"north": {"uv": [0, 0, 1, 0.5], "texture": "#default"},
				"east": {"uv": [13.25, 5.25, 13.75, 5.75], "texture": "#default"},
				"west": {"uv": [14.25, 5.25, 14.75, 5.75], "texture": "#default"},
				"up": {"uv": [15.25, 5.25, 15.75, 5.75], "texture": "#default"}
			}
		},
		{
			"name": "stairtop",
			"from": [8, 12, 11.5],
			"to": [21, 12.5, 12],
			"rotation": {"angle": 0, "axis": "y", "origin": [1.5, 0, 3.75]},
			"faces": {
				"north": {"uv": [0, 0, 13, 0.5], "texture": "#default"},
				"east": {"uv": [11.25, 6.25, 11.75, 6.75], "texture": "#default"},
				"south": {"uv": [12.25, 6.25, 12.75, 6.75], "texture": "#default"},
				"west": {"uv": [13.25, 6.25, 13.75, 6.75], "texture": "#default"},
				"down": {"uv": [14.25, 6.25, 14.75, 6.75], "texture": "#default"}
			}
		},
		{
			"name": "slabs",
			"from": [8, 12.5, 11],
			"to": [21, 13, 13],
			"rotation": {"angle": 0, "axis": "y", "origin": [1.5, 0, 3.75]},
			"faces": {
				"north": {"uv": [0, 0, 13, 0.5], "texture": "#default"},
				"east": {"uv": [5.25, 6.25, 5.75, 6.75], "texture": "#default"},
				"south": {"uv": [6.25, 6.25, 6.75, 6.75], "texture": "#default"},
				"west": {"uv": [7.25, 6.25, 7.75, 6.75], "texture": "#default"},
				"up": {"uv": [8.25, 6.25, 8.75, 6.75], "texture": "#default"},
				"down": {"uv": [9.25, 6.25, 9.75, 6.75], "texture": "#default"}
			}
		},
		{
			"name": "slabs",
			"from": [8, 12.5, 15],
			"to": [21, 13, 17],
			"rotation": {"angle": 0, "axis": "y", "origin": [1.5, 0, 3.75]},
			"faces": {
				"north": {"uv": [0, 0, 13, 0.5], "texture": "#default"},
				"east": {"uv": [6.25, 9.25, 6.75, 9.75], "texture": "#default"},
				"south": {"uv": [7.25, 9.25, 7.75, 9.75], "texture": "#default"},
				"west": {"uv": [8.25, 9.25, 8.75, 9.75], "texture": "#default"},
				"up": {"uv": [9.25, 9.25, 9.75, 9.75], "texture": "#default"},
				"down": {"uv": [10.25, 9.25, 10.75, 9.75], "texture": "#default"}
			}
		},
		{
			"from": [9, 8, 12],
			"to": [10, 13, 16],
			"rotation": {"angle": 0, "axis": "y", "origin": [1.5, 0, 3.75]},
			"faces": {
				"north": {"uv": [0, 0, 1, 5], "texture": "#default"},
				"east": {"uv": [2.25, 7.25, 2.75, 7.75], "texture": "#default"},
				"south": {"uv": [3.25, 7.25, 3.75, 7.75], "texture": "#default"},
				"west": {"uv": [4.25, 7.25, 4.75, 7.75], "texture": "#default"}
			}
		},
		{
			"from": [19, 8, 12],
			"to": [20, 13, 16],
			"rotation": {"angle": 0, "axis": "y", "origin": [1.5, 0, 3.75]},
			"faces": {
				"north": {"uv": [0, 0, 1, 5], "texture": "#default"},
				"east": {"uv": [7.25, 7.25, 7.75, 7.75], "texture": "#default"},
				"south": {"uv": [8.25, 7.25, 8.75, 7.75], "texture": "#default"},
				"west": {"uv": [9.25, 7.25, 9.75, 7.75], "texture": "#default"}
			}
		},
		{
			"from": [9, 13, 12],
			"to": [20, 14, 16],
			"rotation": {"angle": 0, "axis": "y", "origin": [1.5, 0, 3.75]},
			"faces": {
				"north": {"uv": [0, 0, 11, 1], "texture": "#default"},
				"east": {"uv": [0, 0, 4, 1], "texture": "#default"},
				"south": {"uv": [12.25, 7.25, 12.75, 7.75], "texture": "#default"},
				"west": {"uv": [0, 0, 4, 1], "texture": "#default"},
				"up": {"uv": [13.25, 7.25, 13.75, 7.75], "texture": "#default"},
				"down": {"uv": [14.25, 7.25, 14.75, 7.75], "texture": "#default"}
			}
		},
		{
			"from": [9, 14, 13],
			"to": [20, 15, 15],
			"rotation": {"angle": 0, "axis": "y", "origin": [1.5, 0, 3.75]},
			"faces": {
				"north": {"uv": [0, 0, 11, 1], "texture": "#default"},
				"east": {"uv": [0.25, 8.25, 0.75, 8.75], "texture": "#default"},
				"south": {"uv": [1.25, 8.25, 1.75, 8.75], "texture": "#default"},
				"west": {"uv": [2.25, 8.25, 2.75, 8.75], "texture": "#default"},
				"up": {"uv": [3.25, 8.25, 3.75, 8.75], "texture": "#default"}
			}
		},
		{
			"from": [10, 10, 12],
			"to": [19, 12, 13],
			"rotation": {"angle": 0, "axis": "y", "origin": [1.5, 0, 3.75]},
			"faces": {
				"north": {"uv": [0, 0, 9, 2], "texture": "#default"},
				"south": {"uv": [5.25, 8.25, 5.75, 8.75], "texture": "#default"},
				"up": {"uv": [6.25, 8.25, 6.75, 8.75], "texture": "#default"},
				"down": {"uv": [7.25, 8.25, 7.75, 8.75], "texture": "#default"}
			}
		},
		{
			"from": [12, 8, 12],
			"to": [14, 10, 13],
			"rotation": {"angle": 0, "axis": "y", "origin": [1.5, 0, 3.75]},
			"faces": {
				"north": {"uv": [0, 0, 2, 2], "texture": "#default"},
				"east": {"uv": [9.25, 8.25, 9.75, 8.75], "texture": "#default"},
				"south": {"uv": [10.25, 8.25, 10.75, 8.75], "texture": "#default"},
				"west": {"uv": [11.25, 8.25, 11.75, 8.75], "texture": "#default"}
			}
		},
		{
			"from": [15, 8, 12],
			"to": [17, 10, 13],
			"rotation": {"angle": 0, "axis": "y", "origin": [1.5, 0, 3.75]},
			"faces": {
				"north": {"uv": [0, 0, 2, 2], "texture": "#default"},
				"east": {"uv": [13.25, 8.25, 13.75, 8.75], "texture": "#default"},
				"south": {"uv": [14.25, 8.25, 14.75, 8.75], "texture": "#default"},
				"west": {"uv": [15.25, 8.25, 15.75, 8.75], "texture": "#default"}
			}
		},
		{
			"from": [8, 13, 12],
			"to": [9, 13.5, 13],
			"rotation": {"angle": 0, "axis": "y", "origin": [1.5, 0, 3.75]},
			"faces": {
				"north": {"uv": [0, 0, 1, 0.5], "texture": "#default"},
				"south": {"uv": [2.25, 9.25, 2.75, 9.75], "texture": "#default"},
				"west": {"uv": [3.25, 9.25, 3.75, 9.75], "texture": "#default"},
				"up": {"uv": [4.25, 9.25, 4.75, 9.75], "texture": "#default"}
			}
		},
		{
			"from": [8, 13, 15],
			"to": [9, 13.5, 16],
			"rotation": {"angle": 0, "axis": "y", "origin": [1.5, 0, 3.75]},
			"faces": {
				"north": {"uv": [0, 0, 1, 0.5], "texture": "#default"},
				"south": {"uv": [13.25, 9.25, 13.75, 9.75], "texture": "#default"},
				"west": {"uv": [14.25, 9.25, 14.75, 9.75], "texture": "#default"},
				"up": {"uv": [15.25, 9.25, 15.75, 9.75], "texture": "#default"}
			}
		},
		{
			"from": [8, 13.5, 12.5],
			"to": [9, 14, 15.5],
			"rotation": {"angle": 0, "axis": "y", "origin": [1.5, 0, 3.75]},
			"faces": {
				"north": {"uv": [0, 0, 1, 0.5], "texture": "#default"},
				"south": {"uv": [2.25, 10.25, 2.75, 10.75], "texture": "#default"},
				"west": {"uv": [3.25, 10.25, 3.75, 10.75], "texture": "#default"},
				"up": {"uv": [4.25, 10.25, 4.75, 10.75], "texture": "#default"},
				"down": {"uv": [5.25, 10.25, 5.75, 10.75], "texture": "#default"}
			}
		},
		{
			"from": [8, 14, 13],
			"to": [9, 14.5, 15],
			"rotation": {"angle": 0, "axis": "y", "origin": [1.5, 0, 3.75]},
			"faces": {
				"north": {"uv": [0, 0, 1, 0.5], "texture": "#default"},
				"south": {"uv": [8.25, 10.25, 8.75, 10.75], "texture": "#default"},
				"west": {"uv": [9.25, 10.25, 9.75, 10.75], "texture": "#default"},
				"up": {"uv": [10.25, 10.25, 10.75, 10.75], "texture": "#default"}
			}
		},
		{
			"from": [20, 13, 12],
			"to": [21, 13.5, 13],
			"rotation": {"angle": 0, "axis": "y", "origin": [1.5, 0, 3.75]},
			"faces": {
				"north": {"uv": [0, 0, 1, 0.5], "texture": "#default"},
				"east": {"uv": [1.25, 9.25, 1.75, 9.75], "texture": "#default"},
				"south": {"uv": [2.25, 9.25, 2.75, 9.75], "texture": "#default"},
				"up": {"uv": [4.25, 9.25, 4.75, 9.75], "texture": "#default"}
			}
		},
		{
			"from": [20, 14, 13],
			"to": [21, 14.5, 15],
			"rotation": {"angle": 0, "axis": "y", "origin": [1.5, 0, 3.75]},
			"faces": {
				"north": {"uv": [0, 0, 1, 0.5], "texture": "#default"},
				"east": {"uv": [7.25, 10.25, 7.75, 10.75], "texture": "#default"},
				"south": {"uv": [8.25, 10.25, 8.75, 10.75], "texture": "#default"},
				"up": {"uv": [10.25, 10.25, 10.75, 10.75], "texture": "#default"}
			}
		},
		{
			"from": [20, 13.5, 12.5],
			"to": [21, 14, 15.5],
			"rotation": {"angle": 0, "axis": "y", "origin": [1.5, 0, 3.75]},
			"faces": {
				"north": {"uv": [0, 0, 1, 0.5], "texture": "#default"},
				"east": {"uv": [1.25, 10.25, 1.75, 10.75], "texture": "#default"},
				"south": {"uv": [2.25, 10.25, 2.75, 10.75], "texture": "#default"},
				"up": {"uv": [4.25, 10.25, 4.75, 10.75], "texture": "#default"},
				"down": {"uv": [5.25, 10.25, 5.75, 10.75], "texture": "#default"}
			}
		},
		{
			"from": [20, 13, 15],
			"to": [21, 13.5, 16],
			"rotation": {"angle": 0, "axis": "y", "origin": [1.5, 0, 3.75]},
			"faces": {
				"north": {"uv": [0, 0, 1, 0.5], "texture": "#default"},
				"east": {"uv": [12.25, 9.25, 12.75, 9.75], "texture": "#default"},
				"south": {"uv": [13.25, 9.25, 13.75, 9.75], "texture": "#default"},
				"up": {"uv": [15.25, 9.25, 15.75, 9.75], "texture": "#default"}
			}
		},
		{
			"from": [10, 8, 16],
			"to": [19, 13, 16],
			"rotation": {"angle": 0, "axis": "y", "origin": [1.5, 0, 3.75]},
			"faces": {
				"north": {"uv": [0, 0, 9, 5], "texture": "#default"},
				"south": {"uv": [12.25, 10.25, 12.75, 10.75], "texture": "#default"}
			}
		},
		{
			"from": [10, 8, 12],
			"to": [12, 9, 13],
			"faces": {
				"north": {"uv": [0, 0, 2, 1], "texture": "#default"},
				"south": {"uv": [0, 0, 2, 1], "texture": "#default"},
				"up": {"uv": [0, 0, 2, 1], "texture": "#default"}
			}
		},
		{
			"from": [17, 8, 12],
			"to": [19, 9, 13],
			"faces": {
				"north": {"uv": [0, 0, 2, 1], "texture": "#default"},
				"south": {"uv": [0, 0, 2, 1], "texture": "#default"},
				"up": {"uv": [0, 0, 2, 1], "texture": "#default"}
			}
		}
	],
	"display": {}
}